{	"alimentos": 0.32874794,
	"indumentaria": 0.08513211,
	"viviendayservicios":0.09349505,
	"hogar":0.07409174,
	"salud":0.06636703,
	"transporte":0.20241902,
	"esparcimiento":0.08640303,
	"educacion":0.02032,
	"otros":0.04302408
}